{"google":"UA-32915822-1","note":"Don't delete this file! It's used internally to help with page regeneration.","name":"Hello, I am Ace Subido ","body":"### Work and Experiments\r\nI used to code at the front-end.\r\n\r\nThen I worked back-ends.\r\n\r\nFor sometime I also dealt with servers, databases and creating software as services.\r\n\r\nHad a huge chunk of time leading agile development teams.\r\n\r\nRight now, I just design and build things from the ground up.","tagline":"I love God. I enjoy designing and building software."}